supplier_id;name;swsdfid;swsdpid;Vendor No_
492;A.R.I.;36939811;0;
987;A03333 AGATHA;32030763;15061294;
13;A10015 CAROLINA HERRERA PUIG;10907434;16157276;
495;A10016 ALFA-ALYANCE;10924088;0;
500;A10067 ART ALIANCE;10907241;0;AA_USA_LLC
501;A10067+ ART ALIANCE PLUS;10907342;0;AA_USA_LLC
502;A10068+ ART ALIANCE RBN;10907343;0;AA_USA_LLC
504;A10076 ART-BOOKS LTD;10907242;0;
505;A10076+ ART-BOOKS RBL;14278728;0;
508;A10118 INFIFON B.V.;10907184;0;
509;A10122 ARI-SHANNON EURO;10907436;0;
511;A11100 ARCOROS;10907289;0;I_SUP230
14;A11100 ART-ALYANCE ECO RBL;0;10902892;
16;A11117 AVIATOR;0;15205854;
17;A12000 юлюдеся;0;11450423;
1112;A12345 OOO AUGUST GROUP;45124718;11254622;
1188;A12600 лрй юкхяю гюн;45121034;16222265;I_SUP126
1072;A20033 JOHN RICHMOND EUROITALIA;28446164;0;
461;A23456 юяр-хмрепмщьмк OOO;0;11269170;
1029;A25555 CONSTELLATIONS BRANDS SCHENLEY INC;28142960;0;
19;A32111 AVANTA ELECTRONICS;28593085;15980835;O_SUP207
21;A33315+ AEROBRIDGE OOO;24612378;15872568;
470;A3400000 йнмярюмрхмнонкэяйюъ;0;12708724;
479;A44441 ннн юпнмю;0;16223683;
995;A44444+ AMADEUS;12922092;0;
992;A54321 ALLIED BRANDS;22424977;0;O_SUP484
1228;A55552 юмрюпея;0;16223884;
481;A55555 ннн йнлоюмхъ юккхцюрнп;0;16223425;I_SUP115
23;A65432 AVTOGRAF;45121100;16222300;
24;A72508 юъйя-опеяя ннн;44809367;16192379;I_SUP010
489;A75444 ярнкхвмши чбекхпмши гюбнд;0;16038988;
1084;A77332 L'ATELIER;45121220;0;
25;A88881 юпхюл;0;16223492;
373;AAT00001 ART ALIANCE TRADING;0;16222230;
459;AB55555 юпр аюгюп;0;15347108;
986;AB9999+ AEROBRIDGE UNION;39373863;15861076;
1056;AD12468 GREENFIELD INTERVEST LTD;42565954;0;
369;AE3333 AEGNA;0;16222218;
522;AEROFIRST;10924118;0;
403;AHK111 HELLO KITTY ARIAL;0;16223048;
990;AJ00001 AJMAL;45124188;0;
991;AJ5545 ALEXANDRE J лхмхсл;45123556;16222783;
1210;AL55111 ALAIA BPI;45125537;16223792;
458;AL55544 юкэ рпеид;0;16223429;
526;AL88888 MASTER SERVICE COMPANY;33547545;0;
368;AM10001 A.MARTINI пхьщя;0;15233565;
1224;AN2014 ARIAL(SOCHI / NOVOSIBIRSK);0;16223067;
993;AO12345 ALYSON OLDOINI INTERLUX 2;45125271;0;
370;AP 12345 AGENT PROVOCATEUR-едхмюъ ебпною;0;15640999;
988;AR10016 AGATHA RUIZ DE LA PRADA PUIG;21046073;16223624;
528;AS23456 THE ART OF SHAVING;31862246;0;
998;AS33354 ASHFORD;45124219;0;
1241;ASHFORD;45126191;0;O_SUP668
1211;ASI412 ASI OOO;45125582;16223739;
377;B00002 BONA CONFECTIONARY ZAO;0;10902898;
529;B10001 BARAKA JEW - GENERLUX;10907346;0;
42;B10027 ISSEY MIYAKI BPI;10907387;16222992;
1069;B10028 JEAN PAUL GAUTIER BPI;10907293;0;
43;B10029 NARCISO RODRIGUES BPI;10908145;16222990;
1010;B10044 BROWN FORMAN BEVERAGE;10907440;0;O_SUP485
534;B10062 BAUME & MERCIER SA;10907244;0;
535;B10080 BLAVOD DRINKS LTD;10907547;0;
536;B10081 BORIE-MANOUX WINES;10907388;0;O_SUP488
538;B11115 BALMAIN WATCH;10907185;0;O_SUP209
1008;B11555 BONA 000;18666543;12499656;
463;B1212345 ахц рпщид ннн;0;13534474;
381;B13578 BVLGARY - едхмюъ ебпною;0;14008192;
953;B14270 апюгхя кнцхярхй;0;16223699;I_SUP406
1005;B14673 BIOTHERM PBI;10907549;14348260;
374;B23456 BALDESSARINI -едхмюъ ебпною;0;14030123;
1004;B33333 BELVEDERE;28366568;0;
378;B34567 BOSS - едхмюъ ебпною;0;14008004;
1006;B51551 BISQUIT COGNAC;30663658;0;O_SUP492
49;B54321 BYREDO ESTERK;45123746;16222849;
462;B55555 аеметхр;0;16222627;
376;B56789 BOBBY BROWN;0;15980829;
548;B68701 BACARDI GMBH;11381585;0;
379;B87452 BRIC'S;0;16150193;
1000;B99911 BAIKAL JSL;45120829;0;
375;B99999 BIOTHERM SKY;0;13672106;
50;BB55515 BETTY BARCLAY - едхмюъ ебпною;0;15054381;
1003;BE56565 BEGEMOT;45120899;0;
1246;BEST WINE;45125713;0;
1114;BIK1113 OOO BIK;45124232;16223339;
380;BR00005 BROSWAY;0;15979121;
52;BR75321 BURBERRY BPI;43255913;16223562;
1007;BS55545 BODY SHOP;43252561;16222668;
553;BV12399 BVLGARY;28479158;0;
487;C00002 я-2 тхплю OOO;0;11076376;
488;C00005 ябй рд гюн;0;11041678;
555;C02376 DAVID CAMPARI;10907350;0;
1013;C05723 CAMUS INTERNATIONAL;10907391;0;O_SUP496
556;C100006 CARAN D'ARCHE;10907352;0;
1025;C10020 CLINIQUE E.LAUDER;10907445;0;O_SUP103
1015;C10023 CARRERA JEWELLERY;10907488;0;O_SUP215
1016;C10031 CARTIER INT FASHION;10907552;0;I_SUP171
1024;C10032 CLARINS SWAROVSKI;28413105;0;
559;C10033 CLARINS EXPORT DIVISION;10907489;0;
562;C10037 CLARINS THIERRY MUGLER;10907187;0;
567;C10070 COCA-COLA REFRESHMENT;10907490;0;
569;C10260 CANON EURO;10907491;0;
1031;C10300 CRISTALL-LEFORTOVO OOO;30320649;0;
469;C11110 йнйю-йнкю щивахях ебпюгхъ;0;10902911;I_SUP071
1022;C21212 CHURCHILLS;28487171;14832869;
390;C23456 COTY;0;15091267;
59;C27565 CHANEL PARFUMS;10907446;15913684;
1021;C31805 CHRISTIAN DIOR;10907189;15316079;
391;C32165 CURAPROX;0;14888364;
61;C33331 CLARINS;0;15418168;O_SUP089
383;C34678 CALVIN KLEIN - едхмюъ ебпною;0;14008005;
386;C54320 CHLOE - едхмюъ ебпною;0;14008007;
1018;C55555 CELLCOSMET & CELLMEN;31846685;0;
575;C60708 L CONNAUGHTON & SON;10907447;0;
1131;C69999 RASKAT TD;35299122;0;
577;C87452 A.T.CROSS LTD;10907448;0;
1017;C96385 CEDC;42829327;0;
419;C99918 MCG CONSULTANTS;0;15401914;
384;CA16543 CARNER OF BARCELONA оюптчл оюкюя;0;16222308;
1251;CA16543 оюптчл оюкюя;0;16222308;
389;CC87654 COMME DES GARCONS едхмюъ ебпною;0;15582048;
385;CE32100 CERRUTI - едхмюъ ебпною;0;15012418;
382;CH12345 C.HERRERA - едхмюъ ебпною;0;14008006;
1023;CK11111 CK WATCH & JEW CO;20820656;0;
1030;CM00006 CREME DE LA MER E.LAUDER;25775436;0;
387;CO2222 CODELLO;0;16145612;
1028;CO78404 COCOROSE;37872437;0;
587;D00235 DEBRISE DULAC;26043240;0;
588;D10003 DAVIDOFF INTERNATIONAL;10907250;0;
71;D10005 йщмдхкюим ннн;0;13530515;I_SUP148
595;D10059 UNOAERRE;10907191;0;
597;D11153 MAGERIT DARROW EURO;10907452;0;
599;D12321 DUBEY & SCHALDENBRAND;10907252;0;O_SUP216
1115;D12329 OOO цй дюилнмд;43267543;0;
72;D20030 DOLCE & GABBANA P&G;0;16222253;
1035;D30030 DOLCE & GABBANA MAKE-UP P&G;45123004;0;
603;D34567 DOLCE & GABBANA;10907355;0;
392;D35678 D&G - едхмюъ ебпною;0;14008010;
1032;D50010 D&G P&G;24892618;0;
76;DE22222 DESIGUAL;0;15981558;
394;DG23456 DOLCE&GABBANA - едхмюъ ебпною;0;14008124;
1039;DK33331 DYRBERG KERN;45123595;15981228;
1038;DU55545 DUC D`O;45123194;0;
1037;DZ55555 DREVO ZHIZNI OOO;42073729;15962795;
1041;E03033 EDOX;32653273;16080150;
468;E10000 едхмюъ ебпною ункдхмц;0;10912753;I_SUP123
949;E10001 щйяоняепбхя OOO;0;10908930;
85;E10022 ESCADA P&G;0;16222630;
1132;E10051 RATTI;10907359;0;
396;E11115 EUROITALIA DP;0;13085509;
1043;E12345 ES.MOLECULES ESTERK;16904957;14122386;
1113;E12468 ESTERK;25843088;16223481;
415;E15200 LAMARTHE ELIT BAGS;0;16222207;
393;E16100 DELSEY ELIT BAGS;0;16064646;
399;E17100 GIORGIO FEDON & FIGLI SPA;0;16222237;
950;E20002 щйяонрпеид ннн;0;14183052;
467;E22222 ебпюгхъ;0;16223503;
951;E25555 щкхр ащцг (CK);0;16223530;
1063;E33961 HUGO BOSS P&G;10907254;0;
88;E33962 HUGO BOSS PARFUME;0;15644008;
395;E34567 ESCADA - едхмюъ ебпною;0;14030159;
1192;E52529 ELIT;29062819;14345858;
1129;E55545 RAMON MOLVIZAR EXILITY;40173724;15855616;
452;E55546 TORRE EXILITI;0;16165067;
1097;E55547 MASQUE EXILITY;44514880;16165068;
1134;E55548 ROSE & CO EXILITY;44514881;16165069;
1141;E55549 SEVIGNE EXILITY;44514882;16165070;
1180;E55550 X-RAY EXILITY;45120509;16222195;
1121;E55551 PECCATO EXILITY;45120567;16222203;
400;E55552 GIULIETTA CAPULETI EXILITY;0;16223569;
420;E55553 MIMMINA FLOWER EXILITY;0;16223570;
1040;E86421 EASTPAK;33678924;0;
624;E88898 ECTACO;10907198;0;
94;EN12355 ENNS;45120906;16222258;
95;EN44567 ELECTRONIC NOVELTIES;44153565;16171437;
96;ES12345 ELIE SAAB;0;16223564;
1042;ES12345 ELIE SAAB BPI;28431636;0;
1193;ES33315 щяйэч яхця;45123896;0;
100;F00009 M.FREY WILLE DP;0;14108649;
397;F15666 FERRAGAMO - едхмюъ Eбпною;0;14008193;
636;F33311 FREY WILLE;10907558;0;
637;F33312 M.FREY WILLE FASHION;11104974;0;
103;F3333300 FOLLI FOLLIE WATCHES;0;11307070;
1049;F35291 FENDI PARFUM;24207694;15968000;
398;F55555 FRUITBERRY - едхмюъ ебпною;0;15263234;
105;F55556 FOSSIL;0;15115888;O_SUP220
1048;F66321 FAZER BRANDS INTERNATIONAL;45120563;0;O_SUP002
106;F87654 FERAUD - едхмюъ ебпною;0;14425730;
640;F88999 FURLA;11012386;0;
1046;FB11123 F.BOCLET INTERLUX 2;45125270;0;
1230;FC00002 FERRARI CAVALLINO;45126060;16223877;
1050;FE1234 FENDI SILK SA;14416973;0;
641;FER123 FERRERO TRADING LUX;25873704;0;O_SUP438
1051;FO45678 FOSSIL;36154934;0;O_SUP220
1047;FP11111 F.PARTNERS OOO;34335099;0;I_SUP239
643;G10002 GIVENCHY COUTURE EURO;10907502;0;
645;G10016 GUESS - IBB B.V.;10907503;0;O_SUP191
113;G10036 GODIVA;0;15981116;
646;G10036 GODIVA S.A. BELGIUM;10907559;0;O_SUP439
647;G10037 GUYLIAN NV/SA;10907258;0;
651;G11111+ GALEREYA BLAGOLEPIYA;15106113;0;
117;G11333 GUESS - IBB;0;10902937;
401;G20304 GUCCI - едхмюъ ебпною;0;14008125;
1055;G37123 GREATWELL INVESTMENTS LTD;17129947;0;
1247;G37123 SIINERGIA (GREATWELL INVESTMENTS LTD);17129947;0;
1054;G54321 GOURJI (RUB);26082124;0;
1052;G55551 GANCIA;42565904;0;
1057;G59870 GUCCI;42828643;0;
658;G73611 W.GRANT & SONS;10907202;0;
1058;G93124 GUERLAIN PARFUMS;10907504;15981117;
660;G93125 GUERLAIN SKY;10907396;0;
661;G98765 GOURJI ITALY(EURO);35051453;0;
1190;GC0003 ннн хмбеяр цен пеяспя (GOLDEN-CANDIES);45124774;16223409;
662;GG12345 GOLDEN GRAIL LTD;10907203;0;
121;GI20000 GIVENCHY PARFUME DP;0;15834392;
477;GR00026 ннн йнлоюмхъ цпхмтхкдя;0;16034955;I_SUP026
1053;GS12345 GOLDEN SPIRIT SA;39810224;0;
668;H10023 HENNESSY COGNAC;10907204;0;
123;H10053 HERMES;0;16223502;
672;H10053 HERMES PARFUMS;10907206;0;
1059;H1234 HERMANN JOERSS;18537636;0;O_SUP510
482;H44525 ннн унпейю рпеидяепбхя;0;15904373;I_SUP300
678;H45812 HAMMER+SOHNE;10907564;0;
1060;H66500 HIBWAY LTD. T/A SAFFON SUPPLY SERVICES;45124563;16223555;O_SUP665
402;HD98765 HANSE DISTRIBUTION GMBH;0;15481552;
1194;HIBWAY LTD;45124194;16223268;
404;HK11111 HELLO KITTY пхьея;0;15357863;
1187;I00022 хлоепхюк ннн;39846327;15862053;I_SUP160
681;I10011 IBB;10907364;0;
685;I11112 ISA SPA;10907506;0;
406;I13567 ICEBERG - едхмюъ ебпною;0;14875506;
407;I33333 INTEL MSK;0;16223195;
405;I44444 ICE WATCH;0;15103684;
1045;I54333 F.BOCLET INTERLUX;44185425;16152907;
490;I54444 рй хмрек рпеид;0;12584095;
1064;I55588 IAN MACLEOD DISTILLERS LTD;32456993;0;
994;I65432 ALYSON OLDOINI. INTERLUX;45123572;16222786;
130;I75666 KORLOFF INTERLUX;44185424;16152906;
131;I98765 SILLAGE INTERLUX;42520715;15948027;
1214;I_SUP417 ннн лхп хцпсьей;45125754;0;
1014;IL98765 CARON хо хкэхмю;42548796;15962875;
1061;IL98766 HISTOIRES DE PARFUMES хо хкэхмю;44513352;16164160;
1062;IL98767 HOUBIGANT хо хкэхмю;44513353;16164158;
1103;IL98768 MEMO хо хкэхмю;44513354;16164156;
1128;IL98769 PRUDENCE хо хкэхмю;44513355;16164157;
431;IRISHBAR DP;0;10971587;
1225;ISUP156 дшлнбяйне йнкаюямне опнхгбндярбн ннн;0;16223847;I_SUP156
1189;ISUP402 ннн онйпнбяйхи опъмхй;45125301;16223632;
1222;ISUP419 хйпю.пс тсдяепбхя ннн;45125927;0;I_SUP419
1243;ISUP431 ннн рнпцнбши днл псядек;0;16223893;I_SUP072
136;J00001 JANEKE;0;13672184;
1067;J00007 JAMES BOND P&G;42793944;0;
1066;J10142 JAGERMEISTER;43914265;0;
410;J11154 JUICY COUTURE - едхмюъ ебпною;0;15439137;
1074;J12345 JUPITER OOO;23738398;0;
137;J20060 JULES DESTROOPER;10907208;15971592;
692;J33456 JSL SPEDITION GMBH;10923361;0;
1068;J52222 JANEKE;24722453;0;
694;J78321 JAPAN TOBACCO INT CO;10907565;0;
139;J99998 KRAFT JAKOBS SUCHARD;0;15861659;
696;J99998 MONDELEZ WORLD TRAVEL RETAIL LLC;10907312;0;
140;J99999 JSL TRADING AG;0;15601393;O_SUP010
409;JB00700 JAMES BOND едхмюъ ебпною;0;15582039;
697;JF12345 JACQUES FAREL;33687151;0;
1073;JL11115 JUDITH LEIBER ESTERK;36594517;0;
408;JL22222 JACQUES LEMANS;0;15098136;O_SUP221
141;JR12345 JOHN RICHMOND;0;14030217;
700;JSL SPEDITION;36919351;0;
1195;JSL TRADING;28421445;14323944;O_SUP010
1071;JV55555 JFM VICTORINOX;33274118;0;
413;K02000 KONDI-2000 OOO;0;10902948;
705;K10028 KENZO PARFUMS;10907313;0;
710;K12345 KENZO JEW SKY;10907400;0;O_SUP017
149;K127566 нюн йг нрпюдмне;0;15892709;I_SUP084
1176;K20020 WHYTE & MACKAY;10907264;0;
151;K22233 OOO йпсрнм;0;16223484;
152;K28000 KENZO PARF DP;0;15768570;
412;K30013 KIMMI пхьщя;0;15233568;
715;K33355 KORONA OOO;23815605;0;
716;K34567 K KARL LAGERFELD;22573305;0;
718;K50050 KONSTANTINOPOLSKAYA;10907367;0;
1077;K54321 KIEHL'S PBI;26182997;0;
411;K55543 K & K;0;16222221;
155;K555544 KEEL TOYS;0;15481433;
720;K55555 KIPLING EUROPE DIVISION;10907401;0;O_SUP332
1076;K56999 KASKAD LOGISTIC;26205725;0;
1242;KAGANSKI & CO GMBH;45126192;;
1079;KF33315 KORLOFF INTERLUX 2;45125272;16223620;
1078;KI12345 KINSKI ESTERK;37509375;0;
724;KL12345 KEEL TOYS;32311264;0;
472;KM100000 ледеъ;0;15601787;
160;KM12389 KEIKO MICHERY (кюйьепх);45125409;16223662;
162;KO15151 йнмхй ннн;0;14080114;
725;KO22215 KONIC OOO;26194156;0;
726;KZ139 KENZO JEW;10907211;0;O_SUP017
727;KZ6666 KENZO FASHION;11039705;0;
1036;L00001 DONNA KARAN E.LAUDER;10907316;0;
1159;L00007 TOM FORD BEAUTY E.LAUDER;20257031;0;
417;L0001 LANCOME DP SKY;0;11852186;
736;L10001 LLADRO;10907317;0;
166;L10006 LONGCHAMP;10907509;16222232;
1020;L10013 CHLOE COTY;10907406;16223587;
1082;L10014 LANCASTER COTY;25616944;0;
169;L10019 MARC JACOBS COTY;19259440;16223588;
1116;L10020 OPI COTY;38035218;0;
740;L10030 LA SETA MANTERO;10907511;0;O_SUP423
171;L11110 LUXOTTICA EURO UK (FORM B&L);0;10902957;
744;L11119 LF CONSALTING LTD;10920039;0;
173;L12222 LINDT;10907318;15828970;
1091;L13579 LUDING OOO;34495127;15840663;I_SUP243
176;L15808 LANCEL;10907409;16140707;
747;L16872 ESTEE LAUDER PARFUME;10907266;0;O_SUP113
1088;L17000 LIFETRONS;45121260;15975634;
750;L33312 LEXIIM OOO;32095286;0;
751;L33356 LADOGA;37950582;0;O_SUP237
752;L40433 LONGINES;10907217;0;O_SUP222
1085;L44115 LAVIANA ART LIMITED;43147037;0;
1257;L44444_ кта ннн;0;15922954;
180;L44444_OOO кта;0;15922954;
1089;L54321 L'OCCITANE;20475049;14867972;O_SUP155
753;L55545 LUXOTTICA EURO;10907320;0;
416;L65655 LANCASTER - едхмюъ ебпною;0;14116318;
182;L98888 LEGO;0;15087679;
1083;L99908 LANCEL BOUTIQUE;30771147;0;
757;L99989 LEGO OVERSEAS A/S;10907513;0;
1087;L99999 LES COPAINS (BVM);22245319;0;
1081;LA33312 LAMARTIS;45120901;0;
758;LA55516 LAMY-ALD INT;24329398;0;
1086;LC0001 LES CONTES;40531999;15358688;
414;LC23456 LACOSTE - едхмюъ ебпною;0;14008246;
471;LG00037 кюйьепх цпсоо;0;16223041;
760;LG3333+ LINIYA-GRAFIK ZAO;20251636;0;
1090;LP22222 L'OREAL PARIS;29342664;13934538;O_SUP024
764;LW20005 LOEWE PERFUMES;29202341;0;
189;M00008 MARKET CONNECTIONS;0;11380711;
766;M00056 PRICILLA CHAN;10924083;0;
1201;M00137 MADARA бхйрнпхъ;0;16223781;
1212;M00411 ннн лнкейскю;45125577;16223732;I_SUP411
195;M04660 ннн лхпюмх;0;16223637;
767;M10010 MOBILE ENERGY;10940038;0;
769;M10045 MEUKOW FELINE COGNAC;10907321;0;O_SUP500
770;M10049 MARS HOLLAND;10924084;0;O_SUP447
197;M10049 люпя цнккюмдхъ;0;15900160;
773;M10066+ MS HOLDING PLUS;10924081;0;
774;M10088 MARNE & CHAMPAGNE DIFFUSION;10924086;0;O_SUP522
999;M10096 AYDYA LTD TRAVALO MC;45121261;15981555;
421;M10555 MISAKI V.T.LTD;0;10902970;
779;M10980 MAJORICA EURO;10907324;0;O_SUP225
199;M11000 ьюпл OOO;0;10912570;
783;M11555 MANCERA ESTERK;32455976;0;
786;M12346 STARY MASTER OOO;10924116;0;
202;M12346 ярюпши люяреп мб ннн;0;10969454;I_SUP076
1101;M12456 MEDVED TD OOO;40267364;0;
789;M16789 лъцйхи лхп OOO;27137465;0;
1106;M20002 MONTBLANC SIMPLO GMBH;10907269;0;
1107;M20031 MOSCHINO EUROITALIA;19241819;16064645;
1096;M22223 MARUSYA BEVER RUSS OOO;25951767;0;
206;M23222 MORGAN & OATES;0;15981670;
460;M33000 юя-люпйер;0;13441619;
790;M33312 AS-MARKET;23768789;0;
791;M44118 MARCO POLO;10907517;0;
473;M44499 лепхдхюм рпеидхмц;0;13539670;
793;M51047 MISAKI VT LTD SKY;10907414;0;
794;M54321 MARCOLIN;10907415;0;
207;M54321 MARCOLIN GROUP;0;11103527;
1080;M54789 LA MARQUISE;34274819;0;
1142;M55545 SIA MONO;40062409;0;
1099;M55555 MAV;40529713;0;
422;M56789 MOSCHINO - едхмюъ ебпною;0;14008128;
1258;M71113 люпп псяяхъ ннн;0;16223418;I_SUP089
796;M73579 RAYMOND WEIL WATCHES;10907270;0;
1102;M75321 MEIRA T;42567702;0;
1093;M87654 MAISON MARTIN MARGIELA PBI;37221726;0;
1094;M88899 MARCHON UK LTD;10923909;0;O_SUP097
1095;M99945 MARKA;44667433;0;
798;M99979 MATTEL EUROPA;10907518;0;
1226;M99989 EDRINGTON;10907325;0;
1100;M99989 MAXXIUM TRAVEL RETAIL;10907325;0;
1098;M99999 MAUI JIM SUNGLASSES;13641521;0;
418;MA252000 MAMIX;0;14050013;
213;MA8888 лхмхсл юпр йнкк;45125188;16223577;
1196;MD GOURMEX LTD;36919341;15481810;O_SUP556
1202;MF5432 MAX FACTOR -едхмюъ ебпною;0;16223727;
1105;MHCS001 MHCS-SERVICE CLIENT&OPERATIONS LOGISTQUES;22297157;0;
474;MIL1234 лхкюп;0;15946888;
214;MJ33330 MARC JACOBS - едхмюъ ебпною;0;14008126;
1203;MO00672 ATKINSONS;0;16223787;
1184;MONTALE аюкрхйнл;41947842;16064641;
1104;MP55555 MEPI;15934937;13934708;
1092;MT12345 MAGIC TEXTILE TRADING LTD;39279514;0;
802;N10011 SAFILO;10907519;0;
806;N12333+ NASLEDIE;21910627;0;
808;N15150 NEMIROFF COMPANY;10907271;0;
810;N34420 NESTLE WORLD TRADE;10907521;0;
1109;N55555 NAT OOO;32300083;0;
948;N66656 вхярне меан;0;16222844;I_SUP394
0;NA;0;0;
812;NB0001 NOUVELLE BAGUE;36316569;0;
475;NL654321 мейяхр кнцхярхй OOO;0;16064071;I_SUP369
423;NR12345 NINA RICCI - едхмюъ ебпною;0;14008129;
813;O10001 ORO VITCHENZA;10907522;0;
484;O33456 норхлюрнпц OOO;0;16064069;
989;O45566 AJ ARABIA наяхдхюмр;45124635;16223552;
1154;O55533 TDK (ORO GOLD);45125285;16223627;
996;O65321 AMOUAGE наяхдхюмр;37985082;16147160;
1204;O65432_OOO бняэлюъ хлоепхъ;0;16223729;I_SUP404
228;OE5555 гюн нпхемрюк щйяопеяя;0;16222989;
1111;OK00364 OB KONDITERY OOO;43239345;15981118;
483;OP65433 норхлю окчя;0;16222683;
1233;OSUP694 CHOBI;45126108;0;
1117;OV55550 OVERSEAS;45124213;0;
233;P000005 ннн опнбюмя;45124728;16223407;
234;P01997 LA PRAIRIE;10907524;16223685;O_SUP158
235;P05321 PACO RABANNE PUIG;10907525;16157273;
237;P10000 PRADA PUIG;10907328;16157277;
824;P10001 PREMIER PORTFOLIO EURO SKY;10907462;0;
826;P10078 CACHAREL PBI;10907274;0;
827;P10079 RALPH LAUREN PBI;10907329;0;
828;P10080 GIORGIO ARMANI PBI;10907463;0;O_SUP072
829;P10081 PALOMA PICASSO PBI;10907222;0;
1167;P10085 VICTOR & ROLF PBI;10907373;14877525;
1034;P10095 DIESEL PBI;12560437;0;
831;P10099 HELENA RUBINSTEIN PBI;10907275;15981229;
837;P11111 PORTSELAN;10907583;0;
1126;P11115 PORTOLANO;14919314;0;
1198;P12000 12 PARFUMERS INTERLUX 2;45125473;16223709;
240;P12333 PORTOLANO;0;11713782;
840;P14673 LANCOME PBI;10907584;0;O_SUP082
844;P17290 GIVENCHY PARFUMS;10907420;0;
1191;P234550 онцюпяйюъ яхцюпермн-яхцюпмюъ тюапхйю;45123046;0;
1119;P65656 PAL ZILERI LAB;45120830;0;
428;P66651 PRADA - едхмюъ ебпною;0;14382789;
244;P75000 LANCOME PBI;0;15192910;O_SUP082
245;P78000 CACHAREL PBI;0;14877524;
372;P80000 ARMANI;0;14877523;
1118;P85858 PAL ZILERI;16332029;0;
1125;P87654 POLICE TIME WATCHES;29316730;0;
1122;P97531 PERRIS MONTE CARLO INTERLUX;45125116;16223541;
1120;P99988 PATRON SPIRIT COMPANY;16584038;0;
851;P99999 PAT SAYS NOW;13034660;0;
426;PA55555 PARKER;0;15407860;
854;PC10002 CARTIER JEWELLERY;10907225;0;O_SUP215
1124;PI99999 PIANEGONDA;12336953;0;
857;PM 12399 PARRIS MONTE CARLO (кюйьепх);45125410;0;
249;PM12399 PARRIS MONTE CARLO (кюйьепх);0;16223663;
250;PM44450 PERRIS MONTE CARLO INTERLUX 2;45125275;16223623;
367;PR 123366 PREMIER PORTFOLIO;0;12489786;
424;PR23334 PACO RABANNE - едхмюъ ебпною;0;14008262;
429;PT23456 PT SWITZELAND;0;15971533;
253;PW55555 POLICE TIME WATCH;0;15059512;
486;R00368 пейя рпеидхмц нюн;0;16064643;
864;R10047+ BIONT LTD RBN;10924126;0;
865;R10053 REMY MARTIN;10907533;0;
1011;R10060 BVLGARI;10907277;16032127;
432;R11133 RICH бхйрнпхъ;0;16222765;
259;R12345 RATTI COLLECTION;0;10910007;
869;R12345 RUSSIAN OSETR;22575112;0;
870;R12369 RADO WATCHES;10907424;0;
871;R16900 ITIL (REEMTSMA INT);10907469;0;
1130;R20012 RANCE;40530149;15233566;
873;R25255 ROTOR HOUSE;32030767;0;
1108;R35840 N.RICCI PUIG;10907535;16157275;
1033;R50938 DESIGN GO;10907586;10902943;O_SUP334
1136;R55531 RUSSIAN CAVIAR HOUSE;30535632;0;
1002;R63835 BAT INTL (ROTHMANS INT);10907332;0;
263;R888888 псяр хмйнпонпщиред;45120595;11390230;I_SUP002
876;R89732 RUSS BERRIE UK LTD;10907374;0;
434;R99999 ROSALKO-NEVA ZAO;0;13698064;
1133;RB7777 ROBERTO BRAVO;44909073;0;
433;RC12345 ROBERTO CAVALLI - едхмюъ ебпною;0;15439549;
268;S01607 SHISEIDO;0;16223584;
879;S01607 SHISEIDO EUROPE;10907536;0;O_SUP166
1137;S03853 SCANNON / GUCCI P&G;10907425;16223232;
271;S10000 SONYA RYKIEL;10907470;16223229;
443;S10001 SELDICO OLD;0;10903002;
883;S10014 SAMSONITE EUROPE;10907377;0;
888;S10103 STORCK INTERNATIONAL;10907228;0;
1146;S10116 ST.DUPONT;10907428;0;
890;S10133 SWAROVSKI JEWELLERY;10907281;0;O_SUP306
1148;S10134 SWAROVSKI WATCH;18455689;14012059;
437;S10333 SCORPIO TRAVEL RETAIL;0;11450576;
273;S10444 SWAROVSKI DP JEW;0;10903005;
274;S10445 SWAROWSKI DP FIGURINS;0;13976024;
276;S10500 ннн яюйя хцпсьйх;45123641;16222994;I_SUP105
894;S11001 SILHOUETTE INT;10907471;0;O_SUP316
435;S13579 SAG TRADING LLC;0;15964075;
279;S14444 SAMSONITE;0;14046274;
440;S20002 SELDICO GIVENCHY;0;13978109;
441;S30003 SELDICO GUERLAIN;0;13978110;
900;S33333 SOUNDLINE;10912490;0;
1070;S35353 JFM HELLO KITTY;32634464;0;
442;S40004 SELDICO KENZO;0;13978111;
439;S50005 SELDICO DIOR;0;13978112;
282;S54321 SISLEY;0;15968003;
283;S60006 SELDICO FENDI;0;15116112;
1140;S60017 SERGE LUTENS SHISEIDO;43209096;0;
284;S65432 STORK TRAVEL RETAIL;0;13473946;
285;S67891 SHAIKH ESTERK;45124013;16222987;
904;S70216 OMEGA WATCHES;10907381;0;
905;S84443 SWAROVSKI SKY;10907336;0;
438;S88888 SEEBERGER;0;16222282;
906;S99989 SWAROVSKI SILVER CRYSTAL;10907473;0;
444;S99999 STETSON;0;16222281;
1145;SB23333 SONYA BY;45120762;0;
1138;SC12345 SCORPIO TRAVEL RETAIL;13720558;16147138;
1139;SF25836 SCUDERIA FERRARI;42567736;16222266;
292;SG55510 SILLAGE INTERLUX 2;45125273;16223621;
436;SH33333_SCHCHARD&FRIESE;0;16223050;
1143;SI1234 SISLEY;20248912;0;
1216;SIA MONO;45125713;0;
1144;SK55511 SKAGEN;42567128;0;
1217;SKW409 SKW (ннн щя.йеи.бюи+ );45125518;0;I_SUP409
294;SL55530 SOUNDLINE;0;14114614;
1149;SM12345 SWISS MILITARY - HANOWA;30337724;0;O_SUP236
466;SP12345 бшанп OOO;0;11418709;
296;SP88820 ярнкхвмше онярюбйх ннн;45124442;16223343;I_SUP396
1150;SS00011 SWISS SMILE;25925276;15963513;
910;ST0000 STEP GROUP OOO;10907475;0;
911;ST12345 TAMBER SP;10907476;0;
1147;ST65545 STROCHKOV IP;43255349;0;
1218;SUP671 AUTOGRAPH TRAVEL LIMITED;45125650;0;O_SUP671
311;SZ4444 якюбю гюижеб кюйьепх;0;16223504;
1160;T01015 TOM FORD PRIVATE BLENDS E.LAUDER;26043347;0;
1158;T05555 TOCHKA OPORY+;28821448;0;
317;T10045 TRAVEL RETAIL INNOVATIONS;10907232;15876813;
925;T12345 TOMAS SABO SILVER;10907429;0;
1153;T12468 TALIKA;44550935;14113498;
449;T22299 TBN TIME(MOSCHINO);0;14115684;
928;T32759 TEXIER;10907430;0;
453;T4512SK TOSCOW;0;15975543;
929;T55545 PAUL & SHARK;10907382;0;
322;T55567 TIMELESS LUXERY PRODUCTS;26048125;16064637;
930;T65545 TONUS ннн;43255373;0;
451;T76543 TINTAMAR;0;14832865;
324;T77715 рлут цпсоо;0;15082379;
932;T81379 TISSOT WATCHES;10907235;0;
1157;T87654 TMXF OOO;22606740;0;
325;T98765 йпелкебяйхи рд;0;16222223;
446;TA11511 TBN TIME(AEROWATCH);0;15946228;
934;TAG1234 TAG HEUER WATCHES;10907236;0;O_SUP239
1151;TD1175+ SWK;12978513;0;
935;TD11757 SWK TD;10907479;0;
1207;TE33333 TESTERS;0;16223767;
447;TG11511 TBN TIME(GALLIANO);0;15946229;
448;TJ11511 TBN TIME(JOHN GALLIANO);0;15946230;
445;TK11511 TBN KENNETH COLE;0;16223333;
1156;TM1111 TIME & MORE E.K;42523062;15949607;
1155;TM77717 TECHNOMARINE;26195164;15880368;
937;TR12345 TRAVELTELECOM;10923967;0;
450;TS11511 TBN TIME(SEIKO);0;15946227;
485;U00001 ондюпнвмши рейярхкэ;0;10903019;
328;U00002 чмхрния-л OOO;0;11116675;
329;U00388 ннн тхплю смхрпнм;45123208;16223410;I_SUP388
480;U10022 ннн спемункэр;0;13070299;I_SUP255
938;U11111 UNITOYS OOO;11352618;0;
939;U12222 U.TOYS;15105661;0;
940;U14222 DIAGEO UDV+BAILEYS;10907338;0;O_SUP531
942;U55555 UNIT;30392527;0;
943;U86366 UNDERBERG;10907179;0;
1163;UM12338 UNITOYS MSK OOO;39829949;15924874;
1065;V00112_ IMMAGINE S.R.L (VERSACE);15452243;0;
1186;V00123 бнкцнпевемяйпшаунг;45125186;0;
1185;V00137 бхйрнпхъ ннн;43747035;16064640;I_SUP137
1165;V11112 VERSACE ESCALE HOLDING LTD;14051117;0;
476;V12345 ннн рой ╚бхкнм╩;0;16037549;I_SUP080
1166;V20032 VERSACE EUROITALIA;19229424;16064644;O_SUP124
455;V32100 VERSACE - едхмюъ ебпною;0;14008191;
959;V33344 ITALCOM;10907339;0;
464;V37000 бюьепнм рнпцнбши юкэъмя ннн;0;16064642;
339;V50170 ннн бюкемяхъ щйяопеяя;0;16223643;I_SUP403
1164;V50909 VALENTINO PUIG;28935154;16222233;
454;V54321 VALENTINO - едхмюъ ебпною;0;14344790;
960;V55331 VERBILKI PORCELAIN WORKS;29007930;0;
465;V55545 бемяйхи щйяопеяя йюте;0;15953951;
963;V87654+ VESTA TRADE;31862360;0;
341;VE2333 VERSUS;42578065;16143158;
343;W00111 WHITE HALL;10907541;10903026;I_SUP258
1172;W10017 WBDF_IRISH DISTILLERS;10907542;0;
1169;W10018 WBDF_CHIVAS BROTHERS LTD;10923832;0;
1171;W10019 WBDF_HIBBERTS_WINE_OLD;10923877;0;
1173;W10020 WBDF_MARTELL_HIBBERTS_OLD;10923838;0;
1170;W10021 WBDF_HIBBERTS;10923827;0;
1168;W10022 WBDF_ABSOLUT_HIBBERTS_OLD;16896563;0;
1178;W10810 WOODYSCOVERY OU;40289496;0;
457;W22222 WHTEHOUSE LEISURE LLP;0;14867976;
1220;W41150 WHITEFIELD INVEST LTD;45125876;0;
1177;W55555 WOLFORD;45122135;0;
1174;W87655 WEITNAUER DISTRIBUTION LTD;26195404;0;O_SUP468
1175;W98765 WELCOME+;25926264;14029982;
456;WA55555 WATERMAN;0;15407861;
1221;WEITNAUER DISTR.;45125712;0;O_SUP468
1223;WHITEFIELD INVEST LTD;45125906;0;O_SUP672
1179;WWF123 WWF;42576177;14136269;
972;Y10009 MAJORICA SKY;10907340;0;
346;Y10010 CALVIN KLEIN;0;16223579;
1012;Y10010 CALVIN KLEIN UNILEVER COTY;10907285;0;
347;Y12300 YSL BEAUTY;0;11728831;
348;Y12345 ъмрюпмюъ цпнгдэ ннн;0;11446617;
1181;Y55511 YEREVAN BRANDY COMPANY;25979735;0;
1182;Y66648 YSL PBI;10907545;15192911;
1197;YEREVAN BRANDY COMPANY;36919342;0;
1183;Z40040 ZEGNA E.LAUDER;22552917;0;
977;ZD12345 ZENITH WATCHES;10907484;0;
350;ющпнлюп;0;10971588;
354;гюн ющпнтепяр;36919163;15598539;I_SUP366
1237;ннн юцпхйнкэ яхрх;45126149;16223892;
360;я00395 ннн я-рпеид;45124258;16223236;
361;я12345 ннн тхплю ярюмаеб;0;15922984;I_SUP139
388;я33311 COFFEE BREND DISTRIBUTION;0;13527375;
1026;я76123 CLOUDZ TRAVEL ACCESSORIES;45121166;16222284;
